<?xml version="1.0" encoding ="utf-8"?>
<swc xmlns="http://www.adobe.com/flash/swccatalog/9">
  <versions>
    <swc version="1.2" />
    <flex version="4.5.1" build="21328" minimumSupportedVersion="3.0.0" />
  </versions>
  <features>
    <feature-script-deps />
    <feature-files />
  </features>
  <libraries>
    <library path="library.swf">
      <script name="com/pamakids/extension/NativeExtension" mod="1329802021000" signatureChecksum="258443504" >
        <def id="com.pamakids.extension:NativeExtension" /> 
        <dep id="trace" type="e" /> 
        <dep id="flash.utils:getDefinitionByName" type="e" /> 
        <dep id="Error" type="e" /> 
        <dep id="Error" type="s" /> 
        <dep id="AS3" type="n" /> 
        <dep id="flash.events:EventDispatcher" type="i" /> 
      </script>
      <script name="_27ce8a2dfd90f9ea6419eabc8e8c7892d54077d6228ac79f28ec0eb7b27ce64c_flash_display_Sprite" mod="1329802918994" signatureChecksum="3522657363" >
        <def id="_27ce8a2dfd90f9ea6419eabc8e8c7892d54077d6228ac79f28ec0eb7b27ce64c_flash_display_Sprite" /> 
        <dep id="flash.system:Security" type="e" /> 
        <dep id="AS3" type="n" /> 
        <dep id="flash.display:Sprite" type="i" /> 
      </script>
      <digests>
        <digest type="SHA-256" signed="false" value="061b09d295a90b8e7465039b661dc1c7d80ddf383c6e315315634e8137ec0d8b"   />
      </digests>
    </library>
  </libraries>
  <files>
  </files>
</swc>
