<?xml version="1.0" encoding="utf-8" standalone="yes"?>
<extension xmlns="http://ns.adobe.com/air/extension/2.5">
  <id>com.pamakids.extension</id>
  <versionNumber>1</versionNumber>
  <platforms>
    <platform name="iPhone-ARM">
            <applicationDeployment>
                <nativeLibrary>libMicrophoneANE.a</nativeLibrary>
                <initializer>ExtInitializer</initializer>
                <finalizer>ExtFinalizer</finalizer>
            </applicationDeployment>
        </platform>
  </platforms>
</extension>