<!--
ADOBE SYSTEMS INCORPORATED
Copyright 2011 Adobe Systems Incorporated
All Rights Reserved.

NOTICE:  Adobe permits you to use, modify, and distribute this file in accordance with the
terms of the Adobe license agreement accompanying it.  If you have received this file from a
source other than Adobe, then your use, modification, or distribution of it requires the prior
written permission of Adobe.

-->
<extension xmlns="http://ns.adobe.com/air/extension/2.5">
	  <id>com.adobe.Networkinfo</id>
	  <versionNumber>1</versionNumber>
	  <platforms>
	      <platform name="iPhone-ARM">
	        <applicationDeployment>
	          <nativeLibrary>libNetworkInfoiOSLibrary.a</nativeLibrary>
	          <initializer>ExtInitializer</initializer>
	          <finalizer>ExtFinalizer</finalizer>
	        </applicationDeployment>
	      </platform>
	  </platforms>
</extension>
