<extension xmlns="http://ns.adobe.com/air/extension/3.1">
    <id>pl.randori.air.nativeextensions.ios.MailExtension</id>
    <versionNumber>1.0.0</versionNumber>
    <platforms>
        <platform name="iPhone-ARM">
            <applicationDeployment>
                <nativeLibrary>libMailExtension.a</nativeLibrary>
                <initializer>ExtInitializer</initializer>
                <finalizer>ExtFinalizer</finalizer>
            </applicationDeployment>
        </platform>
    </platforms>
</extension>